{
  "experiment_3": {
    "LR weather-only": {
      "AUC": 0.5579383453149751,
      "Prec@5%": 0.13333333333333333,
      "Lift@5%": 1.4344827586206896,
      "Prec@10%": 0.22580645161290322,
      "Lift@10%": 2.4293659621802,
      "Prec@20%": 0.16129032258064516,
      "Lift@20%": 1.7352614015572858
    },
    "LR farm-only": {
      "AUC": 0.6662605093213111,
      "Prec@5%": 0.2,
      "Lift@5%": 2.1517241379310343,
      "Prec@10%": 0.12903225806451613,
      "Lift@10%": 1.3882091212458285,
      "Prec@20%": 0.12903225806451613,
      "Lift@20%": 1.3882091212458285
    },
    "LR rank-product": {
      "AUC": 0.6841720482514927,
      "Prec@5%": 0.06666666666666667,
      "Lift@5%": 0.7172413793103448,
      "Prec@10%": 0.12903225806451613,
      "Lift@10%": 1.3882091212458285,
      "Prec@20%": 0.1774193548387097,
      "Lift@20%": 1.9087875417130145
    },
    "Ridge weather-only": {
      "AUC": 0.6398196661386621,
      "Prec@5%": 0.2,
      "Lift@5%": 2.1517241379310343,
      "Prec@10%": 0.22580645161290322,
      "Lift@10%": 2.4293659621802,
      "Prec@20%": 0.12903225806451613,
      "Lift@20%": 1.3882091212458285
    },
    "Ridge farm-only": {
      "AUC": 0.5710978433044962,
      "Prec@5%": 0.06666666666666667,
      "Lift@5%": 0.7172413793103448,
      "Prec@10%": 0.0967741935483871,
      "Lift@10%": 1.0411568409343714,
      "Prec@20%": 0.1774193548387097,
      "Lift@20%": 1.9087875417130145
    },
    "Ridge rank-product": {
      "AUC": 0.6814914097721457,
      "Prec@5%": 0.2,
      "Lift@5%": 2.1517241379310343,
      "Prec@10%": 0.12903225806451613,
      "Lift@10%": 1.3882091212458285,
      "Prec@20%": 0.16129032258064516,
      "Lift@20%": 1.7352614015572858
    }
  },
  "experiment_4": {
    "4a_full_year_val2025": {
      "AUC": 0.5397831119775801,
      "Prec@5%": 0.0,
      "Lift@5%": 0.0,
      "Prec@10%": 0.06451612903225806,
      "Lift@10%": 0.6941045606229143,
      "Prec@20%": 0.12903225806451613,
      "Lift@20%": 1.3882091212458285,
      "best_iter": 744.0,
      "n_train_fit": 827.0,
      "n_val": 1409.0,
      "n_features": 71.0
    },
    "4b_full_year_val2024": {
      "AUC": 0.4900085293042525,
      "Prec@5%": 0.06666666666666667,
      "Lift@5%": 0.7172413793103448,
      "Prec@10%": 0.0967741935483871,
      "Lift@10%": 1.0411568409343714,
      "Prec@20%": 0.08064516129032258,
      "Lift@20%": 0.8676307007786429,
      "best_iter": 854.0,
      "n_train_fit": 1409.0,
      "n_val": 827.0,
      "n_features": 71.0
    },
    "4c_seasonal_val2025": {
      "AUC": 0.5529426099671012,
      "Prec@5%": 0.3333333333333333,
      "Lift@5%": 3.5862068965517238,
      "Prec@10%": 0.1935483870967742,
      "Lift@10%": 2.082313681868743,
      "Prec@20%": 0.12903225806451613,
      "Lift@20%": 1.3882091212458285,
      "best_iter": 311.0,
      "n_train_fit": 159.0,
      "n_val": 324.0,
      "n_features": 59.0
    },
    "4d_seasonal_val2024": {
      "AUC": 0.5326550505665895,
      "Prec@5%": 0.06666666666666667,
      "Lift@5%": 0.7172413793103448,
      "Prec@10%": 0.0967741935483871,
      "Lift@10%": 1.0411568409343714,
      "Prec@20%": 0.11290322580645161,
      "Lift@20%": 1.2146829810901,
      "best_iter": 523.0,
      "n_train_fit": 324.0,
      "n_val": 159.0,
      "n_features": 59.0
    }
  }
}