{
  "v3_full_year": {
    "label": "v3_full_year",
    "n_train": 2236,
    "n_test": 312,
    "train_oor_rate": 0.1050983899821109,
    "test_oor_rate": 0.09294871794871795,
    "classification": {
      "Logistic Regression": {
        "AUC": 0.6707688558547581,
        "F1": 0.25870646766169153,
        "Prec@5%": 0.13333333333333333,
        "Prec@10%": 0.16129032258064516,
        "Prec@20%": 0.12903225806451613,
        "Lift@5%": 1.4344827586206896,
        "Lift@10%": 1.7352614015572858,
        "Lift@20%": 1.3882091212458285
      },
      "Random Forest": {
        "AUC": 0.4068478128426953,
        "F1": 0.09230769230769231,
        "Prec@5%": 0.06666666666666667,
        "Prec@10%": 0.03225806451612903,
        "Prec@20%": 0.04838709677419355,
        "Lift@5%": 0.7172413793103448,
        "Lift@10%": 0.34705228031145713,
        "Lift@20%": 0.5205784204671857
      },
      "XGBoost": {
        "AUC": 0.45851102717192643,
        "F1": 0.1651376146788991,
        "Prec@5%": 0.13333333333333333,
        "Prec@10%": 0.0967741935483871,
        "Prec@20%": 0.11290322580645161,
        "Lift@5%": 1.4344827586206896,
        "Lift@10%": 1.0411568409343714,
        "Lift@20%": 1.2146829810901
      },
      "LightGBM": {
        "AUC": 0.3753503107103693,
        "F1": 0.13008130081300814,
        "Prec@5%": 0.06666666666666667,
        "Prec@10%": 0.12903225806451613,
        "Prec@20%": 0.11290322580645161,
        "Lift@5%": 0.7172413793103448,
        "Lift@10%": 1.3882091212458285,
        "Lift@20%": 1.2146829810901
      },
      "SVM (RBF)": {
        "AUC": 0.49311563299622274,
        "F1": 0.14746543778801843,
        "Prec@5%": 0.13333333333333333,
        "Prec@10%": 0.06451612903225806,
        "Prec@20%": 0.08064516129032258,
        "Lift@5%": 1.4344827586206896,
        "Lift@10%": 0.6941045606229143,
        "Lift@20%": 0.8676307007786429
      }
    },
    "regression": {
      "Linear Regression": {
        "RMSE": 0.5762998098328195,
        "MAE": 0.3696314193900706,
        "R\u00b2": 0.025739013587984583,
        "Derived AUC": 0.6366516388448886,
        "Derived F1": 0.0
      },
      "Ridge Regression": {
        "RMSE": 0.5762392289017071,
        "MAE": 0.37282801559434947,
        "R\u00b2": 0.025943832449639492,
        "Derived AUC": 0.6819787985865724,
        "Derived F1": 0.0
      },
      "Poly Ridge (deg=2)": {
        "RMSE": 0.7985287086994032,
        "MAE": 0.5529614106477687,
        "R\u00b2": -0.8705073900254368,
        "Derived AUC": 0.5725600097477763,
        "Derived F1": 0.136986301369863
      },
      "Random Forest (Reg)": {
        "RMSE": 0.6187243453170823,
        "MAE": 0.40017944421212487,
        "R\u00b2": -0.12298193230954002,
        "Derived AUC": 0.6019861094187889,
        "Derived F1": 0.0
      },
      "XGBoost (Reg)": {
        "RMSE": 0.6297306421091851,
        "MAE": 0.4120148272086412,
        "R\u00b2": -0.1632900453338333,
        "Derived AUC": 0.5615937614231753,
        "Derived F1": 0.0
      },
      "LightGBM (Reg)": {
        "RMSE": 0.6207839544733667,
        "MAE": 0.41889054210321613,
        "R\u00b2": -0.1304707388646147,
        "Derived AUC": 0.5961983672474716,
        "Derived F1": 0.2127659574468085
      }
    }
  },
  "v4_seasonal": {
    "label": "v4_seasonal",
    "n_train": 483,
    "n_test": 312,
    "train_oor_rate": 0.13664596273291926,
    "test_oor_rate": 0.09294871794871795,
    "classification": {
      "Logistic Regression": {
        "AUC": 0.44571707079322526,
        "F1": 0.05084745762711865,
        "Prec@5%": 0.0,
        "Prec@10%": 0.0,
        "Prec@20%": 0.04838709677419355,
        "Lift@5%": 0.0,
        "Lift@10%": 0.0,
        "Lift@20%": 0.5205784204671857
      },
      "Random Forest": {
        "AUC": 0.5425246740587304,
        "F1": 0.037037037037037035,
        "Prec@5%": 0.06666666666666667,
        "Prec@10%": 0.03225806451612903,
        "Prec@20%": 0.06451612903225806,
        "Lift@5%": 0.7172413793103448,
        "Lift@10%": 0.34705228031145713,
        "Lift@20%": 0.6941045606229143
      },
      "XGBoost": {
        "AUC": 0.5243694407213355,
        "F1": 0.08695652173913043,
        "Prec@5%": 0.13333333333333333,
        "Prec@10%": 0.0967741935483871,
        "Prec@20%": 0.08064516129032258,
        "Lift@5%": 1.4344827586206896,
        "Lift@10%": 1.0411568409343714,
        "Lift@20%": 0.8676307007786429
      },
      "LightGBM": {
        "AUC": 0.6446935542829292,
        "F1": 0.047619047619047616,
        "Prec@5%": 0.06666666666666667,
        "Prec@10%": 0.16129032258064516,
        "Prec@20%": 0.14516129032258066,
        "Lift@5%": 0.7172413793103448,
        "Lift@10%": 1.7352614015572858,
        "Lift@20%": 1.5617352614015574
      },
      "SVM (RBF)": {
        "AUC": 0.46740587303521386,
        "F1": 0.046511627906976744,
        "Prec@5%": 0.0,
        "Prec@10%": 0.03225806451612903,
        "Prec@20%": 0.04838709677419355,
        "Lift@5%": 0.0,
        "Lift@10%": 0.34705228031145713,
        "Lift@20%": 0.5205784204671857
      }
    },
    "regression": {
      "Linear Regression": {
        "RMSE": 0.7983770406971726,
        "MAE": 0.5407516483250953,
        "R\u00b2": -0.8697969104294041,
        "Derived AUC": 0.3350798099183624,
        "Derived F1": 0.0
      },
      "Ridge Regression": {
        "RMSE": 0.7533300988503929,
        "MAE": 0.48160470496166513,
        "R\u00b2": -0.6647499052471821,
        "Derived AUC": 0.39892774460826125,
        "Derived F1": 0.17777777777777778
      },
      "Poly Ridge (deg=2)": {
        "RMSE": 0.9533060141439573,
        "MAE": 0.7293726804064786,
        "R\u00b2": -1.665894907726042,
        "Derived AUC": 0.4727671499939076,
        "Derived F1": 0.14953271028037382
      },
      "Random Forest (Reg)": {
        "RMSE": 0.6290112278339456,
        "MAE": 0.417918810207388,
        "R\u00b2": -0.16063364155682214,
        "Derived AUC": 0.5792006823443402,
        "Derived F1": 0.0
      },
      "XGBoost (Reg)": {
        "RMSE": 0.6236543511054682,
        "MAE": 0.43487340532816376,
        "R\u00b2": -0.1409491067485349,
        "Derived AUC": 0.6254416961130742,
        "Derived F1": 0.23333333333333334
      },
      "LightGBM (Reg)": {
        "RMSE": 0.6187868057485296,
        "MAE": 0.432697240253498,
        "R\u00b2": -0.1232086745638461,
        "Derived AUC": 0.6484708175947363,
        "Derived F1": 0.21818181818181817
      }
    }
  }
}